nome,id
"Piano Concerto No. 3 in D Minor, Op. 30: III. Finale. Alla breve",4BJqT0PrAfrxzMOxytFOIz
Clancy Lowered the Boom,7xPhfUan2yNtyFG0cUWkt8
Gati Bali,1o6I8BglA6ylDMrIELygv1
Danny Boy,3ftBPsC5vPBKxYSee08FDH
When Irish Eyes Are Smiling,4d6HGyGT8e121BsdKmw9v6
Gati Mardika,4pyw9DVHGStUre4J6hPngr
The Wearing of the Green,5uNZnElqOS3W4fRmRYPk4T
"Morceaux de fantaisie, Op. 3: No. 2, Prélude in C-Sharp Minor. Lento",02GDntOXexBFUvSgaXLPkd
La Mañanita - Remasterizado,05xDjWH9ub67nJJk82yfGf
Il Etait Syndiqué,08zfJvRLp7pjAb94MA9JmF
